Tipo,CapacidadVolumen,CantidadCO2,CostoOperacion,VelocidadPromedio,Cantidad
1,3.3,0.000121,0.14534051844,6.94,10
2,0.3,9.4e-05,0.0988392,6.94,10
3,0.07,0.000167,0.041118,7.634,15
4,0.07,0.0,0.0,5.91667,10
